name,verdict,laps,site,state_off,state_on,audio_off,audio_on,note
3 닌자 킥 백 (3 Ninjas Kick Back).smc,SAME,0,00:ffff/dc13,6cb3dab9,6cb3dab9,1bb3d7ff,1bb3d7ff,
4인 쇼기 (4-nin Shougi).smc,SAME,1105746,00:8266/8268,c49fe29b,c49fe29b,1bb3d7ff,1bb3d7ff,
46억년 이야기 - 아득한 에덴으로 (46 Okunen Monogatari - Harukanaru Eden e).smc,SAME,0,16:ffff/8aaf,54834bfa,54834bfa,1bb3d7ff,1bb3d7ff,
ABC 먼데이 나이트 풋볼 (ABC Monday Night Football).smc,SAME,1546633,00:8332/8334,fd272d67,fd272d67,1bb3d7ff,1bb3d7ff,
CB 캐릭터 워즈 - 잃어버린 개그 (CB Chara Wars - Ushinawareta Gag).smc,SAME,0,00:ffff/9013,bd6e741d,bd6e741d,1bb3d7ff,1bb3d7ff,
E.V.O. 에덴을 찾아서 (E.V.O. - Search for Eden).smc,SAME,0,16:ffff/8aaf,c300bf86,c300bf86,1bb3d7ff,1bb3d7ff,
ESPN 스피드 월드 (ESPN Speed World).smc,SAME,0,00:ffff/9c82,852b10e1,852b10e1,1bb3d7ff,1bb3d7ff,
ESPN 선데이 나잇 NFL (ESPN Sunday Night NFL).smc,SAME,5874,3d:ffff/a89d,c54b8897,c54b8897,1bb3d7ff,1bb3d7ff,
F-제로 (F-Zero).smc,SAME,3143,00:ffff/803c,578cabb7,578cabb7,6713cbeb,6713cbeb,
FIFA 사커 96 (FIFA Soccer 96).smc,SAME,0,1e:ffff/8bab,2a1eb05b,2a1eb05b,1bb3d7ff,1bb3d7ff,
G.O.D - 눈을 뜨라고 부르는 소리가 들려 (G.O.D - Mezame yo to Yobu Koe ga Kikoe).smc,SAME,0,00:ffff/8070,9102c97e,9102c97e,1bb3d7ff,1bb3d7ff,
GP-1 파트 2 (GP-1 - Part II).smc,SAME,0,d5:ffff/4805,4627a1bd,4627a1bd,1bb3d7ff,1bb3d7ff,
GS 미카미 - 퇴마사는 나이스 바디 (GS Mikami - Joreishi wa Nice Body).smc,SAME,183,00:ffff/8392,91fcd673,91fcd673,81dd8bda,81dd8bda,
J리그 엑사이트 스테이지 '95 (J.League Excite Stage '95).smc,SAME,0,1d:ffff/9d12,12a78ac0,12a78ac0,1bb3d7ff,1bb3d7ff,
NBA 쇼다운 (NBA Showdown).smc,SAME,0,01:ffff/b4a6,9a3b9443,9a3b9443,cbb6a39c,cbb6a39c,
K.H. 루메니게의 플레이어 매니저 - 20주 체험판.smc,SAME,0,00:ffff/83c1,b1fcbfd0,b1fcbfd0,1bb3d7ff,1bb3d7ff,
NBA 잼 (NBA Jam).smc,SAME,0,3d:ffff/9fc7,0d8ae860,0d8ae860,1bb3d7ff,1bb3d7ff,
NBA 프로 농구 불스 vs 블레이저스 (NBA Pro Basketball - Bulls vs Blazers and the NBA Playoffs).smc,SAME,0,01:ffff/a8f2,b53f620a,b53f620a,0c9cfc41,0c9cfc41,
NBA 프로 농구 94 불스 vs 선스 (NBA Pro Basketball '94 - Bulls vs Suns).smc,SAME,0,01:ffff/b4a6,9660c079,9660c079,887544d2,887544d2,
NBA 행타임 (NBA Hang Time).smc,SAME,0,c5:ffff/bb1a,a92c428d,a92c428d,87a063d9,87a063d9,
NHL 스탠리 컵 (NHL Stanley Cup).smc,SAME,0,0e:ffff/fb5a,16e16875,16e16875,93b96d23,93b96d23,
Romance of the Three Kingdoms IV - Wall of Fire (U).smc,SAME,0,ee:ffff/a222,1b210e1b,1b210e1b,1bb3d7ff,1bb3d7ff,
SD 건담 제너레이션 A - 1년 전쟁기 + ST 바이오스.smc,SAME,1477431,00:839b/839d,412017eb,412017eb,b6f36857,b6f36857,
SD 건담 제너레이션 B - 그리프스 전기 + ST 바이오스.smc,SAME,1477431,00:839b/839d,412017eb,412017eb,b6f36857,b6f36857,
SD 건담 제너레이션 C - 액시스 전기 + ST 바이오스.smc,SAME,1477431,00:839b/839d,412017eb,412017eb,b6f36857,b6f36857,
SD 건담 제너레이션 D - 바빌로니아 건국 전기 + ST 바이오스.smc,SAME,1477431,00:839b/839d,412017eb,412017eb,b6f36857,b6f36857,
SD 건담 제너레이션 E - 잔스카르 전기 + ST 바이오스.smc,SAME,1477431,00:839b/839d,412017eb,412017eb,b6f36857,b6f36857,
SD 건담 제너레이션 F - 콜로니 카쿠 전기 + ST 바이오스.smc,SAME,1477431,00:839b/839d,412017eb,412017eb,b6f36857,b6f36857,
SD 울트라 배틀 - 세븐 앤 울트라맨 + ST 바이오스.smc,SAME,1477431,00:839b/839d,6b63b81b,6b63b81b,b6f36857,b6f36857,
SD 울트라 배틀 - 세븐 전설 + ST 바이오스.smc,SAME,1477431,00:839b/839d,412017eb,412017eb,b6f36857,b6f36857,
SD 울트라 배틀 - 울트라맨 앤 세븐 + ST 바이오스.smc,SAME,1477431,00:839b/839d,6b63b81b,6b63b81b,b6f36857,b6f36857,
SD 울트라 배틀 - 울트라맨 전설 + ST 바이오스.smc,SAME,1477431,00:839b/839d,412017eb,412017eb,b6f36857,b6f36857,
가마즈 퍼즐 (Gamars Puzzle).smc,SAME,8439,00:ffff/812e,18de38ae,18de38ae,f98bf6fd,f98bf6fd,
WCW 슈퍼 브롤 레슬링 (WCW Super Brawl Wrestling).smc,SAME,0,01:ffff/bb74,73592de2,73592de2,1bb3d7ff,1bb3d7ff,
게게게의 키타로 - 요괴 돈자라.smc,SAME,0,00:ffff/8138,3245431d,3245431d,1bb3d7ff,1bb3d7ff,
게게게의 키타로 - 요괴 돈자라 + ST BIOS.smc,SAME,1477431,00:839b/839d,412017eb,412017eb,b6f36857,b6f36857,
가이아 세이버 (Gaia Saver - Hero Saidai no Sakusen).smc,SAME,0,00:ffff/c9e8,a77f18ec,a77f18ec,1bb3d7ff,1bb3d7ff,
게임의 철인 - 더 상하이 (Game no Tetsujin - The Shanghai).smc,SAME,0,24:ffff/f314,761fb330,761fb330,eef1f171,eef1f171,
격주전대 카레인저 + ST BIOS.smc,SAME,1477431,00:839b/839d,412017eb,412017eb,b6f36857,b6f36857,
고! 고! 아크맨 2 (Go Go Ackman 2).smc,SAME,1203715,00:82e2/82e4,92eecede,92eecede,1bb3d7ff,1bb3d7ff,
고고 악맨 3 (Go Go Ackman 3).smc,SAME,966779,00:841a/841c,5429f4be,5429f4be,87c0eb0c,87c0eb0c,
고시엔 3 (Koushien 3).smc,SAME,0,00:ffff/808d,85f70b6e,85f70b6e,4cd91428,4cd91428,
고인돌 (Prehistorik Man).smc,SAME,0,00:ffff/81b1,be173d7c,be173d7c,79154c16,79154c16,
귀신동자 젠키 - 천지 명도 (Kishin Douji Zenki - Tenchi Meidou).smc,SAME,0,c0:ffff/0275,ea8eb4d8,ea8eb4d8,1bb3d7ff,1bb3d7ff,
"그레이트 배틀 4 (Great Battle IV, The).smc",SAME,872396,00:94d1/94d3,6cd901e9,6cd901e9,ffe91b2b,ffe91b2b,
"그레이트 배틀 5 (Great Battle V, The).smc",SAME,890229,00:850e/8510,05ff2203,05ff2203,be42e301,be42e301,
극상 파로디우스 (Gokujou Parodius).smc,SAME,0,1d:ffff/acdf,cf103a9f,cf103a9f,efaf766b,efaf766b,
금어 주의보! 튀어나와라 게임 학원 (Kingyo Chuuihou! - Tobidase! Game Gakuen).smc,SAME,0,cc:ffff/2af9,48887da3,48887da3,1bb3d7ff,1bb3d7ff,
기동장갑 디온 (Kidou Soukou Dion).smc,SAME,0,0c:ffff/ade0,56d3f0c5,56d3f0c5,12bf21a3,12bf21a3,
꽃의 케이지 - 구름의 저편에 (Hana no Keiji - Kumo no Kanata ni).smc,SAME,0,01:ffff/876b,14655d30,14655d30,1bb3d7ff,1bb3d7ff,
나 홀로 집에 2 - 뉴욕에서의 길을 잃다 (Home Alone 2 - Lost in New York).smc,SAME,996093,0e:a378/a37a,38d9442c,38d9442c,1bb3d7ff,1bb3d7ff,
나루호도 더 월드 (Naruhodo! The World).smc,SAME,0,00:ffff/f1a7,bfeae24f,bfeae24f,1bb3d7ff,1bb3d7ff,
노 이스케이프 (No Escape).smc,SAME,0,37:ffff/8067,6e5ce04e,6e5ce04e,1bb3d7ff,1bb3d7ff,
나카요시 월드의 패닉 (Panic in Nakayoshi World).smc,SAME,8766,00:ffff/803b,f55e03e5,f55e03e5,d09ddb18,d09ddb18,
논탄과 함께 - 쿠루쿠루 퍼즐 (Nontan to Issho - Kurukuru Puzzle).smc,SAME,121057,00:ffff/855f,c3707a68,c3707a68,1bb3d7ff,1bb3d7ff,
뉴 얏타맨 난다이 칸다이 야지로베 (New Yatterman - Nandai Kandai Yajirobee).smc,SAME,981108,00:8252/8254,c11a59bb,c11a59bb,1bb3d7ff,1bb3d7ff,
니시진 파친코 모노가타리 2 (Nishijin Pachinko Monogatari 2).smc,SAME,579,dd:ffff/0a0c,71d06a47,71d06a47,363f0f69,363f0f69,
다이내믹 스타디움 (Dynamic Stadium).smc,SAME,1690419,00:807d/807f,ebdbaa37,ebdbaa37,f9e49e52,f9e49e52,
다크 킹덤 (Dark Kingdom).smc,SAME,0,cb:ffff/0b13,06d4ddf3,06d4ddf3,1bb3d7ff,1bb3d7ff,
다크로우 - 죽음의 의미 (Dark Law - Meaning of Death).smc,SAME,3155,c0:ffff/02d1,7b7a8408,7b7a8408,1bb3d7ff,1bb3d7ff,
달의 요정 세일러문 S - 이번엔 퍼즐로 혼내주겠다! (Bishoujo Senshi Sailor Moon S - Kondo wa Puzzle de Oshioki yo!!).smc,SAME,1500695,00:8046/8048,1096d687,1096d687,f266c0b2,f266c0b2,
달의 요정 세일러문 - 어나더스토리 (Bishoujo Senshi Sailor Moon - Another Story).smc,SAME,0,c0:ffff/8be7,e5d93936,e5d93936,367e8392,367e8392,
대결!! 브래스 넘버스 (Taiketsu!! Brass Numbers).smc,SAME,0,1b:ffff/9834,f9af2121,f9af2121,1bb3d7ff,1bb3d7ff,
대폭소 인생극장 즛코케 샐러리맨 편 (Daibakushou Jinsei Gekijou - Zukkoke Salaryman Hen).smc,SAME,0,ca:ffff/f7d8,8b59f7c8,8b59f7c8,1bb3d7ff,1bb3d7ff,
더블 드래곤 V - 더 섀도우 폴즈 (Double Dragon V - The Shadow Falls).smc,SAME,0,c2:ffff/87c1,3da59fe8,3da59fe8,1bb3d7ff,1bb3d7ff,
더비 스탈리온 3 (Derby Stallion III).smc,SAME,0,00:ffff/884d,fda3bb98,fda3bb98,1bb3d7ff,1bb3d7ff,
더비 스탤리온 2 (Derby Stallion II).smc,SAME,0,00:ffff/8393,78ba7b1a,78ba7b1a,1bb3d7ff,1bb3d7ff,
데이비드 크레인의 어메이징 테니스 (David Crane's Amazing Tennis).smc,SAME,1614515,0e:f381/f383,3f6f2d75,3f6f2d75,1bb3d7ff,1bb3d7ff,
데아에 토노사마 아파레 이치반 (Deae Tonosama Appare Ichiban).smc,SAME,0,17:ffff/d953,29ecbcfe,29ecbcfe,1bb3d7ff,1bb3d7ff,
도라에몽 노비타와 요정의 나라 (Doraemon - Nobita to Yousei no Kuni).smc,SAME,259718,c0:826b/826d,55836e4c,55836e4c,1bb3d7ff,1bb3d7ff,
두근두근 메모리얼 - 전설의 나무 아래에서 (Tokimeki Memorial - Densetsu no Ki no Shita de).smc,SAME,0,2c:ffff/ec1f,c346e818,c346e818,1bb3d7ff,1bb3d7ff,
돌연변이 닌자 거북이 - 시간 속의 거북이 (Teenage Mutant Ninja Turtles - Turtles in Time).smc,SAME,0,1a:ffff/c77b,77d7f99e,77d7f99e,1bb3d7ff,1bb3d7ff,
둠 트루퍼스 (Doom Troopers).smc,SAME,0,02:ffff/bb7d,d96c2bef,d96c2bef,1bb3d7ff,1bb3d7ff,
둠즈데이 워리어 (Doomsday Warrior).smc,SAME,0,1b:ffff/86d7,937c7c96,937c7c96,1bb3d7ff,1bb3d7ff,
듀얼 오브 II (Dual Orb II).smc,SAME,0,dc:ffff/551c,91f062bb,91f062bb,1bb3d7ff,1bb3d7ff,
드래곤볼 Z 초오공전 - 각성편 (Dragon Ball Z - Super Gokuu Den - Kakusei Hen).smc,SAME,0,14:ffff/b5d4,048d35ea,048d35ea,4b6ca09f,4b6ca09f,
드래곤볼Z - 초오공전2 각성편.smc,SAME,0,14:ffff/b5d4,81a79107,81a79107,4b6ca09f,4b6ca09f,
드래곤스 레어 (Dragon's Lair).smc,SAME,1998368,00:f081/f083,ab225ae0,ab225ae0,1bb3d7ff,1bb3d7ff,
드래곤즈 매직 (Dragon's Magic).smc,SAME,2197732,00:f392/f394,453df257,453df257,98a44c80,98a44c80,
디트 레이서 (Dirt Racer).smc,SAME,0,00:ffff/ecfb,717ba1f8,717ba1f8,1bb3d7ff,1bb3d7ff,
드림 TV (Dream T.V.).smc,SAME,0,00:ffff/8307,613e9144,613e9144,0cf43f93,0cf43f93,
라스트 액션 히어로 (Last Action Hero).smc,SAME,0,00:ffff/833c,b6a0bbb3,b6a0bbb3,1bb3d7ff,1bb3d7ff,
라플라스의 마 (Laplace no Ma).smc,SAME,0,01:ffff/816e,f84f1455,f84f1455,1bb3d7ff,1bb3d7ff,
란마 1_2 - 오의사암권 (Ranma 1-2 - Ougi Jaanken).smc,SAME,0,1e:ffff/f868,662c9287,662c9287,1bb3d7ff,1bb3d7ff,
란마 1_2 - 정내격투편 (Ranma 1-2 - Chounai Gekitou Hen).smc,SAME,0,0d:ffff/ad0d,ed049189,ed049189,85ab7a98,85ab7a98,
램파트 (Rampart).smc,SAME,0,00:ffff/fa2b,24dddac5,24dddac5,92b64168,92b64168,
레나스 2 - 봉인의 사도 (Lennus II - Fuuin no Shito).smc,SAME,0,c8:ffff/1625,742cd6fc,742cd6fc,a1750b07,a1750b07,
레밍즈 (Lemmings).smc,SAME,0,01:ffff/a201,c118964f,c118964f,1bb3d7ff,1bb3d7ff,
레이스 드라이빈 (Race Drivin').smc,SAME,0,0f:ffff/dfed,ba92f7d4,ba92f7d4,a953d9cd,a953d9cd,
렉스 로난 실험 외과의사 (Rex Ronan - Experimental Surgeon).smc,SAME,0,0e:ffff/a280,56b34e50,56b34e50,1bb3d7ff,1bb3d7ff,
"렌 앤 스팀피 쇼 - 부케로스! (Ren & Stimpy Show, The - Buckeroo$!).smc",SAME,0,1f:ffff/ed2f,6dbdab3f,6dbdab3f,515b0c78,515b0c78,
"렌과 스팀피 쇼 타임 워프 (Ren & Stimpy Show, The - Time Warp).smc",SAME,0,00:ffff/e22b,aa46a64e,aa46a64e,1bb3d7ff,1bb3d7ff,
렌더링 레인저스 (Rendering Ranger R2).smc,SAME,0,05:ffff/d7da,9b52a128,9b52a128,1bb3d7ff,1bb3d7ff,
"렌과 스팀피 쇼 파이어 독스 (Ren & Stimpy Show, The - Fire Dogs).smc",SAME,6623,00:ffff/83ea,e5d61722,e5d61722,ca92bb69,ca92bb69,
렐름 (Realm).smc,SAME,0,00:ffff/81ca,5deb18f1,5deb18f1,1bb3d7ff,1bb3d7ff,
로드 모나크 (Lord Monarch).smc,SAME,0,c0:ffff/dd6c,1aa0bb9a,1aa0bb9a,1bb3d7ff,1bb3d7ff,
로맨싱 사가 3 (Romancing Sa-Ga 3).smc,SAME,0,c5:ffff/2298,057c7276,057c7276,f2851e27,f2851e27,
로보캅 대 터미네이터 (RoboCop Versus The Terminator).smc,SAME,0,17:ffff/a8ac,fb27c8a8,fb27c8a8,d9a53abc,d9a53abc,
로열 컨퀘스트 (Royal Conquest).smc,SAME,0,04:ffff/b324,5284c011,5284c011,04d750a0,04d750a0,
"록키와 불윙클과 친구들의 모험 (Adventures of Rocky and Bullwinkle and Friends, The).smc",SAME,0,1e:ffff/f208,0c8d73c6,0c8d73c6,1bb3d7ff,1bb3d7ff,
루드라의 비보 (Rudra no Hihou).smc,SAME,1352885,c0:04a8/04aa,082160eb,082160eb,54a1784d,54a1784d,
리블 라블 (Libble Rabble).smc,SAME,0,c0:ffff/8a8d,f5873ad3,f5873ad3,1bb3d7ff,1bb3d7ff,
리썰 웨폰 (Lethal Weapon).smc,SAME,1298577,00:8b04/8b06,6ebbfa3e,6ebbfa3e,1bb3d7ff,1bb3d7ff,
리틀 마스터 - 무지개빛 마석 (Little Master - Nijiiro no Maseki).smc,SAME,0,00:ffff/e3d1,b953f276,b953f276,1bb3d7ff,1bb3d7ff,
리썰 인포서스 (Lethal Enforcers).smc,SAME,0,0a:ffff/aa68,4bc4c7d3,4bc4c7d3,59227c9e,59227c9e,
마루코는 아홉살 - 의기양양 365일의 권 (Chibi Maruko-chan - Harikiri 365-nichi no Maki).smc,SAME,2022717,00:81ba/81bc,aaa59170,aaa59170,1bb3d7ff,1bb3d7ff,
마르코의 매직 풋볼 (Marko's Magic Football).smc,SAME,0,01:ffff/8f48,8c64621d,8c64621d,1bb3d7ff,1bb3d7ff,
"마스크 (Mask, The).smc",SAME,0,00:ffff/e734,e89353c1,e89353c1,1bb3d7ff,1bb3d7ff,
마벌러스 - 또 하나의 보물섬 (Marvelous - Mouhitotsu no Takara-jima).smc,SAME,0,00:ffff/8121,c4c6cd3f,c4c6cd3f,1bb3d7ff,1bb3d7ff,
마신전생 2 - 스파이럴 네메시스 (Majin Tensei II - Spiral Nemesis).smc,SAME,0,dc:ffff/6489,451a3c30,451a3c30,1bb3d7ff,1bb3d7ff,
마이티 맥스 (Mighty Max).smc,SAME,0,00:ffff/807b,228c8dc0,228c8dc0,bfbf02c9,bfbf02c9,
마이티 모핀 파워레인저 (Mighty Morphin Power Rangers).smc,SAME,0,00:ffff/839e,92cfdabe,92cfdabe,1bb3d7ff,1bb3d7ff,
마이트 앤 매직 3 아일즈 오브 테라 (Might and Magic III - Isles of Terra).smc,SAME,0,2c:ffff/98e3,06cab21c,06cab21c,1bb3d7ff,1bb3d7ff,
마징가 Z (Mazinger Z).smc,SAME,0,00:ffff/d64a,aeac5532,aeac5532,bd7e9fde,bd7e9fde,
마카마카 (Maka Maka).smc,SAME,0,07:ffff/8165,d7b85031,d7b85031,b953c22d,b953c22d,
마츠무라 쿠니 히로덴 - 최강의 역사를 다시 칠하라! (Matsumura Kunihiro Den - Saikyou no Rekishi o Nurikaero!).smc,SAME,0,c0:ffff/90e7,5cf58c67,5cf58c67,1bb3d7ff,1bb3d7ff,
매든 NFL 96 (Madden NFL 96).smc,SAME,0,c8:ffff/57c4,bba22dd3,bba22dd3,830cd54a,830cd54a,
매스 블래스터 에피소드 1 (Math Blaster - Episode 1).smc,SAME,0,00:ffff/8f27,4508da7d,4508da7d,1bb3d7ff,1bb3d7ff,
매지컬 드롭 2 (Magical Drop 2).smc,SAME,730526,c0:c44f/c451,b88ca9d0,b88ca9d0,1bb3d7ff,1bb3d7ff,
매직 보이 (Magic Boy).smc,SAME,0,00:ffff/f79b,83a494eb,83a494eb,1bb3d7ff,1bb3d7ff,
메가로 매니아 시공대전략 (Mega lo Mania - Jikuu Daisenryaku).smc,SAME,372674,00:8398/839a,51fcef6e,51fcef6e,1bb3d7ff,1bb3d7ff,
"모노폴리 2 (Monopoly Game 2, The).smc",SAME,0,2d:ffff/fdf5,c44bd817,c44bd817,1bb3d7ff,1bb3d7ff,
목장 이야기 (Bokujou Monogatari).smc,SAME,0,00:ffff/8656,3d3c4170,3d3c4170,1bb3d7ff,1bb3d7ff,
모테케 오! 도로보우 (Motteke Oh! Dorobou).smc,SAME,0,c0:ffff/2af4,6af31e67,6af31e67,1bb3d7ff,1bb3d7ff,
미라클 카지노 파라다이스 (Miracle Casino Paradise).smc,SAME,0,00:ffff/83e9,26ededd5,26ededd5,85557907,85557907,
미소녀 전사 세일러 문 (Bishoujo Senshi Sailor Moon).smc,SAME,0,c0:ffff/9369,72d12924,72d12924,6f7cdba2,6f7cdba2,
미소녀전사 세일러문 S - 장외난투! 주역쟁탈전 (Bishoujo Senshi Sailor Moon S - Jougai Rantou! Shuyaku Soudatsusen).smc,SAME,0,c0:ffff/838e,f5e98215,f5e98215,22272957,22272957,
미소녀전사 세일러문 S - 쿠루쿠루린 (Bishoujo Senshi Sailor Moon S - Kurukkurin).smc,SAME,0,08:ffff/cf5e,b43cbb73,b43cbb73,baa467cd,baa467cd,
미소녀전사 세일러문 S - 후와후와 패닉 2 + ST 바이오스.smc,SAME,1477431,00:839b/839d,cb756f9e,cb756f9e,b6f36857,b6f36857,
미소녀전사 세일러문R (Bishoujo Senshi Sailor Moon R).smc,SAME,0,c0:ffff/cbf6,9784b50d,9784b50d,116f2a73,116f2a73,
미소녀전사 세일러문 슈퍼S - 전원 참가!! 주역쟁탈전 (Bishoujo Senshi Sailor Moon SuperS - Zenin Sanka!! Shuyaku Soudatsusen).smc,SAME,0,c0:ffff/8362,b0dff9e8,b0dff9e8,adbe6ce5,adbe6ce5,
미키 매니아 - 미키 마우스의 시대를 초월한 모험 (Mickey Mania - The Timeless Adventures of Mickey Mouse).smc,SAME,0,1e:ffff/cb4f,17c85167,17c85167,1bb3d7ff,1bb3d7ff,
미키와 도널드 매지컬 어드벤처 3 (Mickey to Donald - Magical Adventure 3).smc,SAME,0,c0:ffff/97df,b9bda58c,b9bda58c,1bb3d7ff,1bb3d7ff,
미키와 미니 매지컬 어드벤처 2 (Mickey to Minnie - Magical Adventure 2).smc,SAME,0,c6:ffff/af98,5f11f2a5,5f11f2a5,25ee3bc8,25ee3bc8,
"미키와 미니의 위대한 서커스 미스터리 (Great Circus Mystery Starring Mickey & Minnie, The).smc",SAME,0,c6:ffff/af98,03e18d6a,03e18d6a,9345cb38,9345cb38,
바바로사 (Barbarossa).smc,SAME,0,18:ffff/e743,e694efbd,e694efbd,1bb3d7ff,1bb3d7ff,
바비 슈퍼 모델 (Barbie Super Model).smc,SAME,0,00:ffff/8146,66479762,66479762,1bb3d7ff,1bb3d7ff,
"반숙 영웅 - 아아 세계여 반숙이 되어라 (Hanjuku Hero - Ah, Sekai yo Hanjuku Nare...!!).smc",SAME,0,02:ffff/d13e,e4f28cdf,e4f28cdf,1a5ba631,1a5ba631,
바이커 마이스 프롬 마스 (Biker Mice from Mars).smc,SAME,0,0c:ffff/e010,c867a658,c867a658,1bb3d7ff,1bb3d7ff,
배틀 레이서스 (Battle Racers).smc,SAME,0,c0:ffff/8d11,b3be76b0,b3be76b0,1bb3d7ff,1bb3d7ff,
배틀 사커 필드의 패자 (Battle Soccer - Field no Hasha).smc,SAME,0,c0:ffff/9848,ee3ae7e4,ee3ae7e4,26d4ee3f,26d4ee3f,
배틀테크 3050 (BattleTech 3050).smc,SAME,0,d6:ffff/64b9,808b1988,808b1988,1bb3d7ff,1bb3d7ff,
벅스 버니 - 엉뚱한 대모험 (Bugs Bunny - Hachamecha Daibouken).smc,SAME,0,00:ffff/840a,7a8b873b,7a8b873b,687c5502,687c5502,
베른 월드 (Verne World).smc,SAME,0,25:ffff/93c8,25b59e99,25b59e99,1bb3d7ff,1bb3d7ff,
베이스 마스터 클래식 프로 에디션 (Bass Masters Classic - Pro Edition).smc,SAME,0,01:ffff/84ec,cfcd8e30,cfcd8e30,d8e9847b,d8e9847b,
변태의 전설 V050.smc,SAME,182812,00:8034/8036,b4977552,b4977552,a181f157,a181f157,
본커스 (Bonkers).smc,SAME,1438104,00:8feb/8fed,d94d3d25,d94d3d25,cc34ca90,cc34ca90,
북두의 권 7 - 성권열전 - 전승자로의 길 (Hokuto no Ken 7 - Seiken Retsuden Denshousha e no Michi).smc,SAME,0,c0:ffff/8f66,49afef21,49afef21,1bb3d7ff,1bb3d7ff,
불스 vs 블레이저스 앤 더 NBA 플레이오프 (Bulls vs Blazers and the NBA Playoffs).smc,SAME,0,01:ffff/a8f2,9544a3da,9544a3da,0c9cfc41,0c9cfc41,
브램 스토커의 드라큘라 (Bram Stoker's Dracula).smc,SAME,0,0b:ffff/e470,f3709c01,f3709c01,1bb3d7ff,1bb3d7ff,
브레스 오브 파이어 2 - 사명의 아이 (Breath of Fire II - Shimei no Ko).smc,SAME,5195,c0:ffff/0d9b,3d08cf19,3d08cf19,52bd582d,52bd582d,
브레스 오브 파이어 II (Breath of Fire II).smc,SAME,5195,c0:ffff/0d9b,2c15ce80,2c15ce80,1bb3d7ff,1bb3d7ff,
브론키 헬스 히어로 (Bronkie the Bronchiasaurus).smc,SAME,0,00:ffff/f282,f0fc2f0c,f0fc2f0c,1bb3d7ff,1bb3d7ff,
블레이즈 온 (Blaze On).smc,SAME,0,00:ffff/84a0,b1038ffe,b1038ffe,1bb3d7ff,1bb3d7ff,
비신전설 족 (Bishin Densetsu Zoku).smc,SAME,0,00:ffff/a1fe,0c82ff05,0c82ff05,1bb3d7ff,1bb3d7ff,
"블루스 브라더스 (Blues Brothers, The).smc",SAME,0,0b:ffff/e2b1,a15b1f64,a15b1f64,1bb3d7ff,1bb3d7ff,
빌 레임비어의 컴뱃 농구 (Bill Laimbeer's Combat Basketball).smc,SAME,1449057,00:80de/80e0,af058abd,af058abd,1bb3d7ff,1bb3d7ff,
사이드 포켓 (Side Pocket).smc,SAME,0,10:ffff/9528,dd333e98,dd333e98,6df401be,6df401be,
사이버 나이트 2 - 지구 제국의 야망 (Cyber Knight II - Chikyuu Teikoku no Yabou).smc,SAME,0,0d:ffff/f4a9,6e86465d,6e86465d,1bb3d7ff,1bb3d7ff,
사이바라 리에코의 마작 방랑기 (Saibara Rieko no Mahjong Hourouki).smc,SAME,0,c0:ffff/031c,2e564968,2e564968,1bb3d7ff,1bb3d7ff,
샤크 푸 (Shaq Fu).smc,SAME,0,c0:ffff/c587,5e84af48,5e84af48,8844ec5e,8844ec5e,
삼국지 4 (Sangokushi IV).smc,SAME,0,ee:ffff/a222,d633cfa5,d633cfa5,1bb3d7ff,1bb3d7ff,
사커 슛아웃 (Soccer Shootout).smc,SAME,0,17:ffff/bd62,da0f6f5a,da0f6f5a,1bb3d7ff,1bb3d7ff,
서러브레드 브리더 (Thoroughbred Breeder).smc,SAME,49473,00:ffff/8379,8ec9a3ed,8ec9a3ed,38f77840,38f77840,
서러브레드 브리더 2 (Thoroughbred Breeder II).smc,SAME,76885,00:ffff/83c6,023f11c2,023f11c2,77063cad,77063cad,
서러브레드 브리더 3 (Thoroughbred Breeder III).smc,SAME,1207717,00:85c1/85c3,e5606939,e5606939,1bb3d7ff,1bb3d7ff,
서킷 USA (Circuit USA).smc,SAME,0,c0:ffff/935f,c91dc038,c91dc038,f4970540,f4970540,
성검전설 3 (Seiken Densetsu 3).smc,SAME,0,fd:ffff/8350,b70eb220,b70eb220,1b730f84,1b730f84,
선셋 라이더스 (Sunset Riders).smc,SAME,0,1a:ffff/8b25,57755bb5,57755bb5,1bb3d7ff,1bb3d7ff,
성수마전 - 비스트 & 블레이드 (Seijuu Maden Beasts & Blades).smc,SAME,0,c5:ffff/0149,1ac1e111,1ac1e111,864a474d,864a474d,
세일러 문 (Sailormoon).smc,SAME,0,c0:ffff/936e,10a8ece4,10a8ece4,6f7cdba2,6f7cdba2,
센서블 사커 (Sensible Soccer - European Champions).smc,SAME,0,06:ffff/d736,c2e33354,c2e33354,1bb3d7ff,1bb3d7ff,
센서블 사커 - 인터내셔널 에디션 (International Sensible Soccer - World Champions).smc,SAME,0,06:ffff/d9fc,3fb2bc80,3fb2bc80,1bb3d7ff,1bb3d7ff,
소드 월드 SFC 2 (Sword World SFC 2 - Inishie no Kyojin Densetsu).smc,SAME,0,00:ffff/8429,ebf3d2ef,ebf3d2ef,1bb3d7ff,1bb3d7ff,
소드 월드 SFC (Sword World SFC).smc,SAME,0,00:ffff/8535,0b8ed79d,0b8ed79d,1bb3d7ff,1bb3d7ff,
쇼단 모리타 쇼기 (Shodan Morita Shougi).smc,SAME,0,00:ffff/847e,05328c31,05328c31,3c9ca8b4,3c9ca8b4,
소울 앤 소드 (Soul & Sword).smc,SAME,0,c2:ffff/e29c,2656f84d,2656f84d,bfd2b63d,bfd2b63d,
솔스티스 2 (Solstice II).smc,SAME,0,01:ffff/b91d,eb2fd3d3,eb2fd3d3,1bb3d7ff,1bb3d7ff,
슈퍼 게임보이 2 (Super Game Boy 2).smc,SAME,0,00:ffff/ba6c,63695c71,63695c71,1bb3d7ff,1bb3d7ff,
슈퍼 고모쿠 나라베 렌주 (Super Gomoku Narabe - Renju).smc,SAME,0,00:ffff/89a1,7b24690e,7b24690e,1bb3d7ff,1bb3d7ff,
슈퍼 나조 푸요 - 루루의 루 (Super Nazo Puyo - Rulue no Roux).smc,SAME,974398,00:80b2/80b4,19979cc8,19979cc8,12a5f695,12a5f695,
슈퍼 니치부츠 마작 2 - 전국 제패 편 (Super Nichibutsu Mahjong 2 - Zenkoku Seiha Hen).smc,SAME,0,1b:ffff/ca6a,36ed276c,36ed276c,1bb3d7ff,1bb3d7ff,
슈퍼 도그파이트 (Super Dogfight).smc,SAME,0,1f:ffff/e177,9cfbcd3a,9cfbcd3a,1bb3d7ff,1bb3d7ff,
슈퍼 나조 푸요 2 - 루루의 철완 번성기 (Super Nazo Puyo Tsuu - Rulue no Tetsuwan Hanjouki).smc,SAME,1170543,00:80aa/80ac,45bf9f4a,45bf9f4a,1bb3d7ff,1bb3d7ff,
슈퍼 리니어볼 (Super Linearball).smc,SAME,0,00:ffff/81db,396a3953,396a3953,098c1bb7,098c1bb7,
슈퍼 마리오 RPG (Super Mario RPG - Legend of the Seven Stars).smc,SAME,0,00:ffff/876f,fbe8076f,fbe8076f,1bb3d7ff,1bb3d7ff,
슈퍼 마리오 월드 (Super Mario World).smc,SAME,727744,00:806b/806d,a68c36b5,a68c36b5,a5589af4,a5589af4,
슈퍼 마리오 올스타즈 + 슈퍼 마리오 월드 (Super Mario All-Stars + Super Mario World).smc,SAME,0,30:ffff/807d,fc841d3b,fc841d3b,e4e75060,e4e75060,
슈퍼 마리오 카트 (Super Mario Kart).smc,SAME,0,c0:ffff/805e,4e0125aa,4e0125aa,82a5606c,82a5606c,
슈퍼 모모타로 전철 II (Super Momotarou Dentetsu II).smc,SAME,3869,00:ffff/c7ec,479028d3,479028d3,a3fc44f9,a3fc44f9,
슈퍼 모모타로 전철 III (Super Momotarou Dentetsu III).smc,SAME,15716,c0:ffff/5ebb,f589dd03,f589dd03,930eaeea,930eaeea,
슈퍼 배틀쉽 (Super Battleship).smc,SAME,0,00:ffff/fc5f,e255802c,e255802c,ec55da0b,ec55da0b,
슈퍼 배틀탱크 (Super Battletank).smc,SAME,0,0f:ffff/c13d,85bffe10,85bffe10,4499468a,4499468a,
슈퍼 배틀탱크 2 (Super Battletank 2).smc,SAME,0,04:ffff/ef5e,886ec683,886ec683,051c6b8a,051c6b8a,
슈퍼 백 투 더 퓨처 2 (Super Back to the Future Part II).smc,SAME,10396,00:ffff/815c,30cc27a0,30cc27a0,1bb3d7ff,1bb3d7ff,
슈퍼 봄버맨 3 (Super Bomberman 3).smc,SAME,0,cc:ffff/ad46,ae3ece63,ae3ece63,b266bb78,b266bb78,
슈퍼 뿌요뿌요 (Super Puyo Puyo).smc,SAME,1080540,00:80cd/80cf,b2b1e178,b2b1e178,974afd5e,974afd5e,
슈퍼 빌리어드 (Super Billiard - Championship Pool).smc,SAME,3704,00:ffff/b1b3,1085a3cd,1085a3cd,bf075a1e,bf075a1e,
슈퍼 뿌요뿌요2 (Super Puyo Puyo Tsuu).smc,SAME,744666,00:80aa/80ac,bf2ce4da,bf2ce4da,1bb3d7ff,1bb3d7ff,
슈퍼 스타워즈 - 제다이의 복수.smc,SAME,0,01:ffff/c0c5,f1d225e5,f1d225e5,14b6ea22,14b6ea22,
슈퍼 스타워즈 제다이의 귀환 (Super Star Wars - Return of the Jedi).smc,SAME,0,01:ffff/c0bf,104a4c28,104a4c28,7162a0f7,7162a0f7,
슈퍼 스트라이크 이글 (Super Strike Eagle).smc,SAME,0,01:ffff/e8df,ef164f91,ef164f91,cb5d3b1e,cb5d3b1e,
슈퍼 슬랩샷 (Super Slap Shot).smc,SAME,0,00:ffff/821d,8e91af51,8e91af51,1bb3d7ff,1bb3d7ff,
슈퍼 알레스트 (Super Aleste).smc,SAME,0,00:ffff/835a,a322d2d2,a322d2d2,53ee92d7,53ee92d7,
슈퍼 캐슬스 (Super Castles).smc,SAME,0,c1:ffff/6d04,5cb0cf11,5cb0cf11,1bb3d7ff,1bb3d7ff,
슈퍼 킥오프 (Super Kick Off).smc,SAME,0,00:ffff/83d4,500af3d3,500af3d3,3b3686fd,3b3686fd,
슈퍼 인생 게임 (Super Jinsei Game).smc,SAME,0,10:ffff/8259,ff871497,ff871497,2033ec6d,2033ec6d,
슈퍼 터리칸 2 (Super Turrican 2).smc,SAME,0,2b:ffff/c76e,c302cf4a,c302cf4a,1bb3d7ff,1bb3d7ff,
슈퍼 패밀리 테니스 (Super Family Tennis).smc,SAME,0,00:ffff/87fc,a2860b51,a2860b51,25d2371b,25d2371b,
슈퍼 퍼티 (Super Putty).smc,SAME,0,16:ffff/98e8,d4010dfc,d4010dfc,1bb3d7ff,1bb3d7ff,
슈퍼 펀치아웃!! (Super Punch-Out!!).smc,SAME,0,00:ffff/b440,49522137,49522137,15014627,15014627,
슈퍼 프로보텍터 에일리언 리벨스 (Super Probotector - Alien Rebels).smc,SAME,0,0a:ffff/aab1,663bf0a7,663bf0a7,1bb3d7ff,1bb3d7ff,
슈퍼 플레이 액션 풋볼 (Super Play Action Football).smc,SAME,0,00:ffff/8f95,81a5197c,81a5197c,f28b17e9,f28b17e9,
슈퍼 핀볼 - 가면 뒤의 사나이 (Super Pinball - Behind the Mask).smc,SAME,0,16:ffff/e039,43c9595f,43c9595f,1bb3d7ff,1bb3d7ff,
슈퍼 하키 (Super Hockey).smc,SAME,0,0e:ffff/fb5a,db4f90e4,db4f90e4,29598a4d,29598a4d,
스매시 테니스 (Smash Tennis).smc,SAME,0,00:ffff/881e,fe25867d,fe25867d,1bb3d7ff,1bb3d7ff,
"스머프의 세계 여행 (Smurfs Travel the World, The).smc",SAME,0,01:ffff/b1d7,c22959e8,c22959e8,1bb3d7ff,1bb3d7ff,
스즈카 8 아워즈 (Suzuka 8 Hours).smc,SAME,0,c0:ffff/8819,cd6ac42d,cd6ac42d,1bb3d7ff,1bb3d7ff,
스타 트렉 - 넥스트 제너레이션 - 퓨처스 패스트 (Star Trek - The Next Generation - Future's Past).smc,SAME,0,14:ffff/f6ae,ba86e396,ba86e396,d86ba8b7,d86ba8b7,
스파이더맨 &amp; 베놈 - 맥시멈 카네이지 (Spider-Man - Venom - Maximum Carnage).smc,SAME,0,04:ffff/c776,48e29ec1,48e29ec1,e0bb7980,e0bb7980,
스타오션 - 파트A (Star Ocean).sfc,SAME,0,01:ffff/84b4,44e5e2c5,44e5e2c5,1bb3d7ff,1bb3d7ff,
스페이스 메가포스 (Space Megaforce).smc,SAME,0,00:ffff/8417,6fc2edf0,6fc2edf0,13757cce,13757cce,
스펠 크래프트.smc,SAME,0,11:ffff/82cd,50f5925f,50f5925f,1bb3d7ff,1bb3d7ff,
스페이스 풋볼 - 원 온 원 (Space Football - One on One).smc,SAME,1354928,00:81d8/81da,4f62a3b9,4f62a3b9,f42bfd48,f42bfd48,
스폰 (Todd McFarlane's Spawn - The Video Game).smc,SAME,0,eb:ffff/b1d0,d5bae609,d5bae609,1bb3d7ff,1bb3d7ff,
시뮬레이션 프로 야큐 (Simulation Pro Yakyuu).smc,SAME,0,07:ffff/86ea,602e1a31,602e1a31,81d8ebac,81d8ebac,
신 나키노류 - 마작 필승전 (Mahjong Hishouden - Shin Naki no Ryuu).smc,SAME,6945,00:ffff/8727,25d169fa,25d169fa,1bb3d7ff,1bb3d7ff,
신쇼기 클럽 (Shin Shougi Club).smc,SAME,0,00:ffff/8a04,4c0e47cd,4c0e47cd,1bb3d7ff,1bb3d7ff,
신세기 오딧세리아 II (Shinseiki Odysselya II).smc,SAME,0,15:ffff/f321,558838ff,558838ff,0f201b59,0f201b59,
신 스타 트렉 - 넥스트 제너레이션 (Shin Star Trek - Ooinaru Isan IFD no Nazo o Oe).smc,SAME,0,14:ffff/f6ae,216880fa,216880fa,1bb3d7ff,1bb3d7ff,
"심리 게임 - 악마의 코코로지 (Shinri Game, The - Akuma no Kokoroji).smc",SAME,0,1a:ffff/b61a,b54c16bc,b54c16bc,1bb3d7ff,1bb3d7ff,
싸워라 원시인2 - 루키의 모험 (Tatakae Genshijin 2 - Rookie no Bouken).smc,SAME,5796,00:ffff/854a,a22b8d9c,a22b8d9c,cddab46f,cddab46f,
싸워라 원시인3 - 주역은 역시 조&맥 (Tatakae Genshijin 3 - Shuyaku wa Yappari Joe & Mac).smc,SAME,642676,00:831b/831d,f1e2014b,f1e2014b,1bb3d7ff,1bb3d7ff,
썬더 스피리츠 (Thunder Spirits).smc,SAME,0,12:ffff/8214,9c3b8935,9c3b8935,1bb3d7ff,1bb3d7ff,
씨퀘스트 DSV (seaQuest DSV).smc,SAME,0,01:ffff/cb52,dd03228f,dd03228f,1bb3d7ff,1bb3d7ff,
아사히 신문 연재 카토 1-2-3 장기 신기류 (Asahi Shinbun Rensai - Katou Hifumi Kudan Shougi - Shingiryuu).smc,SAME,0,00:ffff/8b36,b71e3f99,b71e3f99,1bb3d7ff,1bb3d7ff,
아랑전설 (Art of Fighting).smc,SAME,0,c4:ffff/618a,51895009,51895009,1bb3d7ff,1bb3d7ff,
아웃 투 런치 (Out to Lunch).smc,SAME,0,00:ffff/8526,7019c566,7019c566,1bb3d7ff,1bb3d7ff,
아웃랜더 (Outlander).smc,SAME,0,10:ffff/82b3,985dce30,985dce30,8b25a1e4,8b25a1e4,
아이르통 세나 레이싱.smc,SAME,1358567,28:8671/8673,91faed7a,91faed7a,37f2f30a,37f2f30a,
"암흑의 바다 해적 (Pirates of Dark Water, The).smc",SAME,1784410,00:a97b/a97d,ba04b5d0,ba04b5d0,1bb3d7ff,1bb3d7ff,
어스웜 짐 (Earthworm Jim).smc,SAME,0,c0:ffff/95f5,00f3d6c4,00f3d6c4,d0ef479c,d0ef479c,
아카가와 지로 - 마녀들의 잠 (Akagawa Jirou - Majo-tachi no Nemuri).smc,SAME,0,c0:ffff/98c9,167d46ea,167d46ea,1bb3d7ff,1bb3d7ff,
어스웜 짐 2 (Earthworm Jim 2).smc,SAME,0,c0:ffff/582a,555fe82a,555fe82a,f508303b,f508303b,
"언터처블 (Untouchables, The).smc",SAME,0,01:ffff/bf80,1a4005e4,1a4005e4,ccf490fe,ccf490fe,
엄청! 럭키맨 (Tottemo! Lucky Man - Lucky Cookie Roulette de Totsugekii).smc,SAME,15077,00:ffff/8039,483687bc,483687bc,6fcb4d0f,6fcb4d0f,
에밋 스미스 풋볼 (Emmitt Smith Football).smc,SAME,0,17:ffff/98bd,cf54b305,cf54b305,1bb3d7ff,1bb3d7ff,
에스토폴리스 전기 II (Lufia II - Rise of the Sinistrals).smc,SAME,0,2d:ffff/c40d,ef219caf,ef219caf,1bb3d7ff,1bb3d7ff,
에스트폴리스 전기 2 (Estpolis Denki II).smc,SAME,0,2d:ffff/c147,91617831,91617831,1bb3d7ff,1bb3d7ff,
에어로 더 아크로뱃 (Aero the Acro-Bat).smc,SAME,0,1c:ffff/9670,2fa7afb2,2fa7afb2,1bb3d7ff,1bb3d7ff,
에어로 더 아크로뱃 2 (Aero the Acro-Bat 2).smc,SAME,0,3f:ffff/958a,1aae8049,1aae8049,1bb3d7ff,1bb3d7ff,
에어리어 88 (Area 88).smc,SAME,1448629,00:8127/8129,6ed5bc64,6ed5bc64,1bb3d7ff,1bb3d7ff,
에어리어 88 _ U.N. 특수부대 (U.N. Squadron).smc,SAME,1448569,00:8127/8129,dced190f,dced190f,1bb3d7ff,1bb3d7ff,
엘리트 사커 (Elite Soccer).smc,SAME,0,cf:ffff/d136,c178afca,c178afca,a8b8d96b,a8b8d96b,
오셀로 월드 (Othello World).smc,SAME,1649323,00:852a/852c,bdd7d681,bdd7d681,95b29fcb,95b29fcb,
오니타 아츠시 FMW (Oonita Atsushi FMW).smc,SAME,55202,00:ffff/80de,a0ac9603,a0ac9603,91ace358,91ace358,
오오즈모 타마시이 (Oozumou Spirits).smc,SAME,1161724,00:c7a7/c7a9,61201738,61201738,1bb3d7ff,1bb3d7ff,
오카모토 아야코와 매치 플레이 골프 (Okamoto Ayako to Match Play Golf - Ko Olina Golf Club in Hawaii).smc,SAME,1456163,00:877b/877d,2bce33b0,2bce33b0,2dd1949e,2dd1949e,
오퍼레이션 썬더볼트 (Operation Thunderbolt).smc,SAME,0,c8:ffff/0342,2bd59524,2bd59524,1bb3d7ff,1bb3d7ff,
올리비아의 미스터리 (Olivia no Mystery).smc,SAME,0,10:ffff/8b50,16c89c77,16c89c77,3a6f3336,3a6f3336,
와랏테 이이토모! 타모린픽 (Waratte Iitomo! Tamolympic).smc,SAME,0,00:ffff/8179,6130a9f1,6130a9f1,1bb3d7ff,1bb3d7ff,
요기 베어 (Adventures of Yogi Bear).smc,SAME,0,00:ffff/85a1,06f80468,06f80468,1bb3d7ff,1bb3d7ff,
용기병단 단자루브 (Ryuukiheidan Dunzarv).smc,SAME,0,c8:ffff/c04f,c7ed735f,c7ed735f,b107ba28,b107ba28,
용호의 권 (Ryuuko no Ken).smc,SAME,0,c4:ffff/618a,16f27450,16f27450,1bb3d7ff,1bb3d7ff,
용호의 권 2 (Ryuuko no Ken 2).smc,SAME,0,c0:ffff/0c33,2421869d,2421869d,1bb3d7ff,1bb3d7ff,
우미하라 카와세 (Umihara Kawase).smc,SAME,0,04:ffff/eced,f7314f90,f7314f90,1bb3d7ff,1bb3d7ff,
우주의 기사 테카맨 블레이드 (Uchuu no Kishi Tekkaman Blade).smc,SAME,870700,00:8205/8207,c7ee8d24,c7ee8d24,1bb3d7ff,1bb3d7ff,
울트라 리그 - 불타라 사커 대전 (Ultra League - Moero! Soccer Daikessen!!).smc,SAME,98476,2a:ffff/8c35,3e95674a,3e95674a,486f81e2,486f81e2,
울트라맨 (Ultraman).smc,SAME,0,09:ffff/892c,d571a816,d571a816,c8f80a6c,c8f80a6c,
울티마 - 미덕의 룬 2 (Ultima - Runes of Virtue II).smc,SAME,0,00:ffff/86ca,21b5a473,21b5a473,fc08d350,fc08d350,
울티마 외전 - 흑기사의 음모 (Ultima Gaiden - Kuro Kishi no Inbou).smc,SAME,0,00:ffff/86f5,3b1ad2b5,3b1ad2b5,c2d3a207,c2d3a207,
월드컵 스트라이커 (World Cup Striker).smc,SAME,0,cf:ffff/d138,211c550d,211c550d,70dac7c7,70dac7c7,
위닝 포스트 (Winning Post).smc,SAME,0,d6:ffff/1014,4c8dae97,4c8dae97,1bb3d7ff,1bb3d7ff,
웨인 그레츠키 NHLPA 올스타즈 (Wayne Gretzky and the NHLPA All-Stars).smc,SAME,0,00:ffff/9273,4aa4c736,4aa4c736,1bb3d7ff,1bb3d7ff,
위닝 포스트 2 (Winning Post 2).smc,SAME,0,e5:ffff/f878,8452d91e,8452d91e,1bb3d7ff,1bb3d7ff,
위닝 포스트 2 - 프로그램 96 (Winning Post 2 - Program '96).smc,SAME,0,e5:ffff/f7fd,d0c7b6a6,d0c7b6a6,1bb3d7ff,1bb3d7ff,
위자프! - 암흑의 왕 (Wizap! - Ankoku no Ou).smc,SAME,0,d3:ffff/0e84,8564f005,8564f005,1bb3d7ff,1bb3d7ff,
위즈 (Whizz).smc,SAME,0,00:ffff/80db,2d85f705,2d85f705,1bb3d7ff,1bb3d7ff,
윙 커맨더 - 더 시크릿 미션 (Wing Commander - The Secret Missions).smc,SAME,0,0e:ffff/ac05,83f2a369,83f2a369,1bb3d7ff,1bb3d7ff,
윌리엄스 아케이드 베스트 히츠 (Williams Arcade's Greatest Hits).smc,SAME,0,03:ffff/8635,685e90e6,685e90e6,1bb3d7ff,1bb3d7ff,
유유백서 - 특별편 (Yu Yu Hakusho - Tokubetsu Hen).smc,SAME,0,00:ffff/8b10,ae5e6153,ae5e6153,06e90db7,06e90db7,
유유백서 1 (Yu Yu Hakusho).smc,SAME,0,00:ffff/8e15,cb7eb309,cb7eb309,48fcaafe,48fcaafe,
유유백서2 - 격투의 장 (Yu Yu Hakusho 2 - Kakutou no Shou).smc,SAME,0,1d:ffff/8284,de8bc9ce,de8bc9ce,1bb3d7ff,1bb3d7ff,
유유백서 파이널 - 마계최강열전 (Yu Yu Hakusho Final - Makai Saikyou Retsuden).smc,SAME,0,e5:ffff/9610,8a6818cb,8a6818cb,1bb3d7ff,1bb3d7ff,
유유의 퀴즈로 고고 (Yuuyu no Quiz de Go! Go!).smc,SAME,0,0e:ffff/bd02,346b6a90,346b6a90,c20388de,c20388de,
유토피아 - 국가 건설 (Utopia - The Creation of a Nation).smc,SAME,0,00:ffff/8cdc,49ac1a83,49ac1a83,1bb3d7ff,1bb3d7ff,
음악만들기 - 카나데루 (Ongaku Tsukuru Kanadeeru).smc,SAME,0,c0:ffff/a069,ec0d73b6,ec0d73b6,1bb3d7ff,1bb3d7ff,
이밋 Vol.1 - 시간의 미아 (Emit Vol. 1 - Toki no Maigo).smc,SAME,0,d7:ffff/f1fa,5dc02b1b,5dc02b1b,1bb3d7ff,1bb3d7ff,
이밋 Vol.3 - 나에게 작별을 (Emit Vol. 3 - Watashi ni Sayonara o).smc,SAME,0,ed:ffff/d02e,ff900ed7,ff900ed7,1bb3d7ff,1bb3d7ff,
이소즈리 - 리토우 헨 (Isozuri - Ritou Hen).smc,SAME,0,d9:ffff/a0ee,5d4ab0c8,5d4ab0c8,2fda6650,2fda6650,
"이치 앤 스크래치 게임 (Itchy & Scratchy Game, The).smc",SAME,0,0d:ffff/be54,bcac4c59,bcac4c59,1bb3d7ff,1bb3d7ff,
이퀴녹스 (Equinox).smc,SAME,0,01:ffff/b8db,703d8ae6,703d8ae6,1bb3d7ff,1bb3d7ff,
이크! 더 캣 (Eek! The Cat).smc,SAME,0,00:ffff/8050,47620a7f,47620a7f,1bb3d7ff,1bb3d7ff,
인디아나 존스의 위대한 모험 (Indiana Jones' Greatest Adventures).smc,SAME,0,3f:ffff/ed79,bc81e41f,bc81e41f,1bb3d7ff,1bb3d7ff,
인스펙터 가젯 (Inspector Gadget).smc,SAME,0,c0:ffff/dfea,1986b165,1986b165,1bb3d7ff,1bb3d7ff,
일발역전 - 경마 경륜 경정 (Ippatsu Gyakuten).smc,SAME,1758027,00:8034/8036,685b6d99,685b6d99,1bb3d7ff,1bb3d7ff,
임페리움 (Imperium).smc,SAME,0,0c:ffff/ade0,7cd433f3,7cd433f3,908f7550,908f7550,
전국전승 (Sengoku Denshou).smc,SAME,0,14:ffff/9909,9248abd4,9248abd4,1bb3d7ff,1bb3d7ff,
전설의 오거 배틀 (Densetsu no Ogre Battle - The March of the Black Queen).smc,SAME,0,00:ffff/a850,68823f38,68823f38,f1d645b0,f1d645b0,
전설의 오우거 배틀 - 검은 여왕의 행진.smc,SAME,0,00:ffff/a850,f51ab557,f51ab557,1bb3d7ff,1bb3d7ff,
전설의 오우거 배틀 - 검은 여왕의 행차 (Ogre Battle - The March of the Black Queen).smc,SAME,0,00:ffff/a86e,cb26e95c,cb26e95c,1bb3d7ff,1bb3d7ff,
전일본 프로레슬링 - 파이트 다 폰! (Zen-Nihon Pro Wres - Fight da Pon!).smc,SAME,0,c0:ffff/65bb,c225ecb7,c225ecb7,1bb3d7ff,1bb3d7ff,
"정글북 (Jungle Book, The).smc",SAME,0,04:ffff/a15c,b3344a2f,b3344a2f,1bb3d7ff,1bb3d7ff,
제노사이드 2 (Genocide 2).smc,SAME,0,00:ffff/96e6,99764f77,99764f77,1bb3d7ff,1bb3d7ff,
제4차 슈퍼로봇대전 (Dai-4-ji Super Robot Taisen).smc,SAME,0,d4:ffff/1da5,5d1d5313,5d1d5313,a438a3ed,a438a3ed,
제로 더 카미카제 스쿼럴 (Zero the Kamikaze Squirrel).smc,SAME,0,08:ffff/958a,b3b9e0dd,b3b9e0dd,1bb3d7ff,1bb3d7ff,
제퍼디! 디럭스 에디션 (Jeopardy! - Deluxe Edition).smc,SAME,0,00:ffff/dc56,9588b2d0,9588b2d0,1bb3d7ff,1bb3d7ff,
제퍼디! (Jeopardy!).smc,SAME,5903,0d:ffff/ca52,cf8b3cc1,cf8b3cc1,1bb3d7ff,1bb3d7ff,
제로4챔프RR-Z (Zero4 Champ RR-Z).smc,SAME,0,c1:ffff/8467,63cfdeca,63cfdeca,7fef2f79,7fef2f79,
"젤다의 전설 - 신들의 트라이포스 (Legend of Zelda, The - A Link to the Past).smc",SAME,183276,00:8034/8036,6efe6e66,6efe6e66,a181f157,a181f157,
제퍼디! 스포츠 에디션 (Jeopardy! - Sports Edition).smc,SAME,0,00:ffff/dd69,6eeea491,6eeea491,1bb3d7ff,1bb3d7ff,
젤다의 전설 - 신들의 트라이포스 (Zelda no Densetsu - Kamigami no Triforce).smc,SAME,52934,00:ffff/8036,d8c02b70,d8c02b70,a181f157,a181f157,
조&맥 - 싸워라 원시인 (Joe & Mac - Tatakae Genshijin).smc,SAME,1234663,00:9619/961b,991625a8,991625a8,ffaf3b5a,ffaf3b5a,
쥬라기 공원 (Jurassic Park).smc,SAME,0,01:ffff/8362,0b858e18,0b858e18,1bb3d7ff,1bb3d7ff,
즉석 하이스쿨 (Dekitate High School).smc,SAME,0,00:ffff/8867,5276267e,5276267e,1bb3d7ff,1bb3d7ff,
지미 코너스 프로 테니스 투어 (Jimmy Connors Pro Tennis Tour).smc,SAME,7531,00:ffff/84ae,93dcbb02,93dcbb02,4cbd96d9,4cbd96d9,
챔피언스 월드 클래스 사커 (Champions World Class Soccer).smc,SAME,0,02:ffff/c04c,54140f2b,54140f2b,17137db0,17137db0,
챔피언십 사커 94 (Championship Soccer '94).smc,SAME,0,06:ffff/d9b9,9e31a5d4,9e31a5d4,1bb3d7ff,1bb3d7ff,
챔피언십 풀 (Championship Pool).smc,SAME,5278,00:ffff/bb68,4711b4ba,4711b4ba,e550a813,e550a813,
철완 아톰 (Tetsuwan Atom).smc,SAME,1270483,00:8ff3/8ff5,ca697095,ca697095,51e7c738,51e7c738,
천지를 먹다 - 삼국지 군웅전 (Tenchi o Kurau - Sangokushi Gunyuuden).smc,SAME,0,00:ffff/8153,163fa94a,163fa94a,d259ee12,d259ee12,
체스터치타 - Wild Wild Quest.smc,SAME,0,14:ffff/c06d,cf6cc8ed,cf6cc8ed,1bb3d7ff,1bb3d7ff,
출격 에비스마루 가라쿠리 미로 - 사라진 고에몬의 수수께끼!! (Soreyuke Ebisumaru Karakuri Meiro - Kieta Goemon no Nazo!!).smc,SAME,0,13:ffff/9d2c,389bbfb5,389bbfb5,1bb3d7ff,1bb3d7ff,
친하이 (Chinhai).smc,SAME,1513847,00:823c/823e,8f220ca3,8f220ca3,1bb3d7ff,1bb3d7ff,
카드 마스터 - 림사리아의 봉인 (Card Master - Rimusaria no Fuuin).smc,SAME,0,09:ffff/f81f,f7b213e5,f7b213e5,d3b4ba91,d3b4ba91,
카라반 슈팅 컬렉션 (Caravan Shooting Collection).smc,SAME,0,c0:ffff/8a0d,da820ee2,da820ee2,e84d9d56,e84d9d56,
카비의 아발란체 (Kirby's Avalanche).smc,SAME,1269321,00:80cd/80cf,2c6d8772,2c6d8772,1bb3d7ff,1bb3d7ff,
카키노키 쇼기 (Kakinoki Shougi).smc,SAME,0,01:ffff/cd5f,e6ebaec2,e6ebaec2,1bb3d7ff,1bb3d7ff,
카일 페티의 노 피어 레이싱 (Kyle Petty's No Fear Racing).smc,SAME,0,c0:ffff/936a,7d6fca57,7d6fca57,db8cf745,db8cf745,
카토 1-2-3 9단 쇼기 클럽 (Katou Hifumi Kudan - Shougi Club).smc,SAME,1623118,c0:093a/093c,059d69cb,059d69cb,1bb3d7ff,1bb3d7ff,
칼리지 슬램 (College Slam).smc,SAME,1425966,10:a124/a126,da3f8a5c,da3f8a5c,1bb3d7ff,1bb3d7ff,
캐리어 에이스 (Carrier Aces).smc,SAME,0,00:ffff/94c4,bb56a87a,bb56a87a,1bb3d7ff,1bb3d7ff,
캐스퍼 (Casper).smc,SAME,0,0a:ffff/f2a8,bf82384e,bf82384e,1bb3d7ff,1bb3d7ff,
캡콤 MVP 풋볼 (Capcom's MVP Football).smc,SAME,0,1d:ffff/85ad,662338ad,662338ad,5fc6f933,5fc6f933,
커비의 고스트 트랩 (Kirby's Ghost Trap).smc,SAME,1700961,00:80cd/80cf,b8b1b48d,b8b1b48d,1bb3d7ff,1bb3d7ff,
캡틴 츠바사 5 - 패자의 칭호 챔피오네 (Captain Tsubasa V - Hasha no Shougou Campione).smc,SAME,0,15:ffff/cdd4,06b8401c,06b8401c,1bb3d7ff,1bb3d7ff,
캡콤 사커 슛아웃 (Capcom's Soccer Shootout).smc,SAME,0,17:ffff/bd3f,a6db1e39,a6db1e39,038ca02d,038ca02d,
커비의 반짝반짝 키즈 (Kirby no Kirakira Kids).smc,SAME,0,30:ffff/937c,f6f7d33d,f6f7d33d,8f713058,8f713058,
컬리지 풋볼 USA 97 - 뉴올리언스로 가는 길 (College Football USA 97).smc,SAME,0,30:ffff/8268,815123c7,815123c7,1bb3d7ff,1bb3d7ff,
케빈 키건의 플레이어 매니저 (Kevin Keegan's Player Manager).smc,SAME,0,00:ffff/83af,1ed44db9,1ed44db9,1bb3d7ff,1bb3d7ff,
콩고의 모험 (Congo's Caper).smc,SAME,5588,00:ffff/853f,ed42e684,ed42e684,37d7170f,37d7170f,
코스모 갱 더 퍼즐 (Cosmo Gang - The Puzzle).smc,SAME,0,00:ffff/8354,5a3107d5,5a3107d5,1bb3d7ff,1bb3d7ff,
크러스티의 슈퍼 펀하우스 (Krusty's Super Fun House).smc,SAME,0,00:ffff/a9b1,ee057e86,ee057e86,1bb3d7ff,1bb3d7ff,
크레용 신짱 2 - 대마왕의 역습 (Crayon Shin-chan 2 - Daimaou no Gyakushuu).smc,SAME,142577,00:ffff/8dc6,a99dcf3d,a99dcf3d,d880f6bb,d880f6bb,
크레용 신짱 - 장화를 풍덩!! + ST BIOS.smc,SAME,1477431,00:839b/839d,412017eb,412017eb,b6f36857,b6f36857,
크로노 트리거 (Chrono Trigger).smc,SAME,0,fd:ffff/eaef,280dea1c,280dea1c,517345af,517345af,
크리스마스 전야의 소동 (Daze Before Christmas).smc,SAME,0,0b:ffff/8b60,266c2f2e,266c2f2e,1bb3d7ff,1bb3d7ff,
킥 오프 (Kick Off).smc,SAME,0,00:ffff/83d4,7ec3f03b,7ec3f03b,ba64990f,ba64990f,
킹 아서의 월드 (King Arthur's World).smc,SAME,0,04:ffff/b324,6c1af2f4,6c1af2f4,04d750a0,04d750a0,
타로 미스터리 (Tarot Mystery).smc,SAME,0,c0:ffff/017b,b1be5507,b1be5507,1bb3d7ff,1bb3d7ff,
타워 드림 (Tower Dream).smc,SAME,0,00:ffff/8925,6acb355f,6acb355f,1bb3d7ff,1bb3d7ff,
타이쿄쿠 이고 - 이다텐 (Taikyoku Igo - Idaten).smc,SAME,0,00:ffff/8ebb,b82dbd66,b82dbd66,e6014f73,e6014f73,
탑 기어 (Top Gear).smc,SAME,0,00:ffff/86c7,08409cfa,08409cfa,0bfff387,0bfff387,
탑 기어 3000 (Top Gear 3000).smc,SAME,0,00:ffff/d243,c2f2f6b0,c2f2f6b0,1bb3d7ff,1bb3d7ff,
타케 유타카 G1 메모리 (Take Yutaka GI Memory).smc,SAME,0,cd:ffff/3ed8,f6aa717e,f6aa717e,96d05cc8,96d05cc8,
탑 레이서 (Top Racer).smc,SAME,0,00:ffff/86c7,6b653984,6b653984,0bfff387,0bfff387,
탑 레이서 2 (Top Racer 2).smc,SAME,0,1f:ffff/f096,a9292fb8,a9292fb8,1bb3d7ff,1bb3d7ff,
"터미네이터 (Terminator, The).smc",SAME,0,00:ffff/d2d5,1c6bcc9e,1c6bcc9e,12c7e1cd,12c7e1cd,
턴 앤 번 - 노 플라이 존 (Turn and Burn - No-Fly Zone).smc,SAME,0,1f:ffff/e177,4f7c1882,4f7c1882,1bb3d7ff,1bb3d7ff,
테이블 게임 대집합! 쇼기 마작 하나후다 (Table Game Daishuugou!!).smc,SAME,983306,c0:0c72/0c74,71813650,71813650,1bb3d7ff,1bb3d7ff,
테일즈 오브 판타지아 (Tales of Phantasia).smc,SAME,0,c9:ffff/d970,df7990fe,df7990fe,1bb3d7ff,1bb3d7ff,
토이즈 (Toys - Let the Toy Wars begin!).smc,SAME,0,0a:ffff/d31e,cd0c8fd3,cd0c8fd3,1676704e,1676704e,
토탈 카니지 (Total Carnage).smc,SAME,239850,00:905d/905f,ffbcb188,ffbcb188,1bb3d7ff,1bb3d7ff,
트래버스 - 별빛과 대초원 (Traverse - Starlight & Prairie).smc,SAME,0,c0:ffff/c279,c9d94943,c9d94943,878aba69,878aba69,
트리네아 (Trinea).smc,SAME,0,c0:ffff/e236,7807adc5,7807adc5,b07df34d,b07df34d,
틴에이지 뮤턴트 닌자 터틀즈 4 - 터틀즈 인 타임 (Teenage Mutant Ninja Turtles IV - Turtles in Time).smc,SAME,0,1a:ffff/c77b,7c1887d0,7c1887d0,1bb3d7ff,1bb3d7ff,
틴에이지 히어로 터틀즈 4 - 터틀즈 인 타임 (Teenage Mutant Hero Turtles IV - Turtles in Time).smc,SAME,0,1a:ffff/c77b,0ce1450a,0ce1450a,1bb3d7ff,1bb3d7ff,
파이널 판타지 3 (Final Fantasy III).smc,SAME,7711,c0:ffff/0568,e23dc639,e23dc639,1bb3d7ff,1bb3d7ff,
파이널 판타지 5 (Final Fantasy V).smc,SAME,0,c0:ffff/4e45,ed47b640,ed47b640,1bb3d7ff,1bb3d7ff,
파이널 판타지 VI (Final Fantasy VI).smc,SAME,7711,c0:ffff/0568,905e26fa,905e26fa,1bb3d7ff,1bb3d7ff,
"파이어맨 (Firemen, The).smc",SAME,0,00:ffff/8161,7a339ce8,7a339ce8,1bb3d7ff,1bb3d7ff,
파이터즈 히스토리 (Fighter's History).smc,SAME,131236,c0:ffff/8581,05d342e1,05d342e1,1bb3d7ff,1bb3d7ff,
파치슬롯 이야기 - 유니버설 스페셜 (Pachi-Slot Monogatari - Universal Special).smc,SAME,0,14:ffff/8ff0,445b6e55,445b6e55,1bb3d7ff,1bb3d7ff,
파이터즈 히스토리 - 미조구치 위기일발 (Fighter's History - Mizoguchi Kikiippatsu!!).smc,SAME,6198,c0:ffff/5007,0e641ff9,0e641ff9,58817cf3,58817cf3,
파치오군 스페셜 (Pachio-kun Special).smc,SAME,2119859,00:80a9/80ab,32372f48,32372f48,1bb3d7ff,1bb3d7ff,
패밀리 도그 (Family Dog).smc,SAME,0,0f:ffff/ea07,3d88e5c5,3d88e5c5,1bb3d7ff,1bb3d7ff,
패미콤 문고 - 시작의 숲 (Famicom Bunko - Hajimari no Mori).smc,SAME,0,f8:ffff/b48d,75b8415c,75b8415c,1bb3d7ff,1bb3d7ff,
패밀리 퓨드 (Family Feud).smc,SAME,1364,0f:ffff/e4eb,cea5d6fe,cea5d6fe,1bb3d7ff,1bb3d7ff,
패키 앤 말론 (Packy & Marlon).smc,SAME,0,00:ffff/81f0,ebba145e,ebba145e,1bb3d7ff,1bb3d7ff,
팩 어택 (Pac-Attack).smc,SAME,0,00:ffff/836b,95e435f3,95e435f3,1bb3d7ff,1bb3d7ff,
퍼티 문 (Putty Moon).smc,SAME,0,16:ffff/98e8,9bc93d01,9bc93d01,1bb3d7ff,1bb3d7ff,
페르시아의 왕자 (Prince of Persia).smc,SAME,0,01:ffff/bec7,59ae1f69,59ae1f69,1bb3d7ff,1bb3d7ff,
페블 비치 골프 링크스 (True Golf Classics - Pebble Beach Golf Links).smc,SAME,0,14:ffff/e0ce,4656a411,4656a411,1bb3d7ff,1bb3d7ff,
페블 비치의 파도 (New 3D Golf Simulation - Pebble Beach no Hatou).smc,SAME,0,14:ffff/e0ce,a96bc2e7,a96bc2e7,1bb3d7ff,1bb3d7ff,
편의점 전쟁 바코드 배틀러 전기 - 슈퍼 전사 출격하라! (Conveni Wars Barcode Battler Senki - Super Senshi Shutsugeki seyo!).smc,SAME,248597,c0:81bf/81c1,eeace51e,eeace51e,1bb3d7ff,1bb3d7ff,
포키 피그의 헌티드 할리데이 (Porky Pig's Haunted Holiday).smc,SAME,0,02:ffff/8784,f167e45f,f167e45f,1bb3d7ff,1bb3d7ff,
포이포이 닌자 월드.smc,SAME,1477431,00:839b/839d,412017eb,412017eb,b6f36857,b6f36857,
포포잇토 헤베레케 (Popoitto Hebereke).smc,SAME,1633100,00:8755/8757,62aa4082,62aa4082,1bb3d7ff,1bb3d7ff,
포퓰러스 (Populous).smc,SAME,0,00:ffff/8abc,9d733b42,9d733b42,1bb3d7ff,1bb3d7ff,
포퓰러스 2 - 올림피안 신들의 시련 (Populous II - Trials of the Olympian Gods).smc,SAME,0,03:ffff/8110,55ff633f,55ff633f,1bb3d7ff,1bb3d7ff,
프라이멀 레이지 (Primal Rage).smc,SAME,3055,c0:ffff/0f12,4d8ca1c3,4d8ca1c3,1bb3d7ff,1bb3d7ff,
프랭크 토마스 빅 허트 베이스볼 (Frank Thomas Big Hurt Baseball).smc,SAME,1090837,00:c4d7/c4d9,60275797,60275797,1bb3d7ff,1bb3d7ff,
프로 기사 인생 시뮬레이션 - 쇼기의 하나미치 (Pro Kishi Jinsei Simulation - Shougi no Hanamichi).smc,SAME,0,00:ffff/91e8,9925d648,9925d648,1bb3d7ff,1bb3d7ff,
프로 마작 극 2 (Pro Mahjong Kiwame II).smc,SAME,0,00:ffff/82ad,c0be1fa7,c0be1fa7,d78a5dce,d78a5dce,
프로거 (Frogger).smc,SAME,999732,0f:ed2d/ed2f,60e053a0,60e053a0,1bb3d7ff,1bb3d7ff,
"플래닛 챔프 TG3000 (Planet's Champ TG 3000, The).smc",SAME,0,00:ffff/d272,9c14e15c,9c14e15c,1bb3d7ff,1bb3d7ff,
피구왕 통키 (Honoo no Toukyuuji - Dodge Danpei).smc,SAME,1180109,00:830c/830e,07fce2a1,07fce2a1,ad6057af,ad6057af,
피맨 (P-Man).smc,SAME,0,00:ffff/81b1,3ca053e6,3ca053e6,2b6dc891,2b6dc891,
피파 로드 투 월드컵 98 (FIFA - Road to World Cup 98).smc,SAME,0,01:ffff/98c1,e5155a63,e5155a63,1bb3d7ff,1bb3d7ff,
필살 파친코 컬렉션 4 (Hissatsu Pachinko Collection 4).smc,SAME,0,37:ffff/e627,da348334,da348334,77789f4c,77789f4c,
하나후다 왕 (Hanafuda Ou).smc,SAME,1804012,00:8051/8053,f7ca9f2f,f7ca9f2f,1bb3d7ff,1bb3d7ff,
하나후다 (Honke Hanafuda).smc,SAME,0,c8:ffff/a5d6,e40d740b,e40d740b,1bb3d7ff,1bb3d7ff,
하베스트 문 (Harvest Moon).smc,SAME,0,00:ffff/8656,3a7e4392,3a7e4392,1bb3d7ff,1bb3d7ff,
하타야마 핫치의 프로야구 뉴스! 실명판 (Hatayama Hatch no Pro Yakyuu News! - Jitsumei Ban).smc,SAME,0,c0:ffff/8b66,074ac32a,074ac32a,1bb3d7ff,1bb3d7ff,
헤라클레스의 영광 IV - 신들로부터의 선물 (Heracles no Eikou IV - Kamigami kara no Okurimono).smc,SAME,0,2b:ffff/a64b,4a5e4bd7,4a5e4bd7,1bb3d7ff,1bb3d7ff,
헤베레케 포포이토 (Hebereke's Popoitto).smc,SAME,1862057,00:8758/875a,893421db,893421db,1bb3d7ff,1bb3d7ff,
항룡전설 빌구스트 - 사라진 소녀 (Kouryuu Densetsu Villgust - Kieta Shoujo).smc,SAME,0,08:ffff/c726,938f4c5f,938f4c5f,1bb3d7ff,1bb3d7ff,
헤이세이 신 오니가시마 - 전편 (Heisei Shin Onigashima - Zenpen).smc,SAME,0,ec:ffff/f781,587c97f9,587c97f9,bf633e1e,bf633e1e,
호라이 학원의 모험! - 전학생 스크램블 (Hourai Gakuen no Bouken! - Tenkousei Scramble).smc,SAME,0,c1:ffff/8cc5,f8e9dd96,f8e9dd96,1bb3d7ff,1bb3d7ff,
헤이세이 신 오니가시마 - 후편 (Heisei Shin Onigashima - Kouhen).smc,SAME,0,ec:ffff/f77c,42c1b430,42c1b430,bf633e1e,bf633e1e,
혼두라 스피리츠 (Contra Spirits).smc,SAME,0,0a:ffff/aab1,6115edbc,6115edbc,1bb3d7ff,1bb3d7ff,
환수유단 (Genjuu Ryodan).smc,SAME,0,06:ffff/872e,1e7b4b6a,1e7b4b6a,1bb3d7ff,1bb3d7ff,
홈 인프루브먼트 (Home Improvement - Power Tool Pursuit!).smc,SAME,0,0c:ffff/c7ad,5182ab38,5182ab38,9dab50e4,9dab50e4,
